<?xml version="1.0" encoding="utf-8"?>
<openerp>
    <data noupdate="0">
        <!-- Value -->
        <record id="bpjs_value_1" model="hr.employee.bpjs.contribution.value">
            <field name="name">0.1</field>
        </record>
        <record id="bpjs_value_2" model="hr.employee.bpjs.contribution.value">
            <field name="name">0.2</field>
        </record>
        <record id="bpjs_value_3" model="hr.employee.bpjs.contribution.value">
            <field name="name">0.5</field>
        </record>
        <record id="bpjs_value_4" model="hr.employee.bpjs.contribution.value">
            <field name="name">0.3</field>
        </record>
        <record id="bpjs_value_5" model="hr.employee.bpjs.contribution.value">
            <field name="name">1.0</field>
        </record>
        <record id="bpjs_value_6" model="hr.employee.bpjs.contribution.value">
            <field name="name">2.0</field>
        </record>
        <record id="bpjs_value_7" model="hr.employee.bpjs.contribution.value">
            <field name="name">3.0</field>
        </record>
        <record id="bpjs_value_8" model="hr.employee.bpjs.contribution.value">
            <field name="name">0.24</field>
        </record>
        <record id="bpjs_value_9" model="hr.employee.bpjs.contribution.value">
            <field name="name">0.54</field>
        </record>
        <record id="bpjs_value_10" model="hr.employee.bpjs.contribution.value">
            <field name="name">0.89</field>
        </record>
        <record id="bpjs_value_11" model="hr.employee.bpjs.contribution.value">
            <field name="name">1.27</field>
        </record>
        <record id="bpjs_value_11" model="hr.employee.bpjs.contribution.value">
            <field name="name">1.74</field>
        </record>
        <record id="bpjs_value_12" model="hr.employee.bpjs.contribution.value">
            <field name="name">3.7</field>
        </record>
        <record id="bpjs_value_13" model="hr.employee.bpjs.contribution.value">
            <field name="name">4</field>
        </record>
    </data>
</openerp>